{
  "student": [
    {
      "id": "1",
      "username": "Sudipta Kumar Rath",
      "password": "sud123",
      "Mathematics": { "marks": "90", "grade": "A" },
      "English": { "marks": "72", "grade": "C" },
      "Science": { "marks": "78", "grade": "B" },
      "Hindi": { "marks": "89", "grade": "A" },
      "Computer": { "marks": "96", "grade": "A" },
      "Odia": { "marks": "85", "grade": "A" },
      "Social Science": { "marks": "82", "grade": "B" },
      "roll": "Roll Number : 11SS0728",
      "bldg": "Blood Group : O Positive",
      "dobs": "DOB : 06th January 2005",
      "email": "Email ID : sudiptakrath@gmail.com",
      "phns": "Contact Number : +91-7684000390",
      "adss": "Address Details : Gandhinagar, Jatni, Pin-752050, Odisha",
      "fname": "Father's Name : Prasanna Rath",
      "femail": "Email ID : prasannarath@gmail.com",
      "mname": "Mother's Name : Anita Rath",
      "memail": "Email ID : anitarath@gmail.com",
      "phnp": "Contact Number : +91-8328967896",
      "adsp": "Address Details : Gandhinagar, Jatni, Pin-752050, Odisha"
    },
    {
      "id": "2",
      "username": "Abinash Nanda",
      "password": "abi123",
      "Mathematics": { "marks": "65", "grade": "C" },
      "English": { "marks": "40", "grade": "E" },
      "Science": { "marks": "50", "grade": "D" },
      "Hindi": { "marks": "95", "grade": "A" },
      "Computer": { "marks": "75", "grade": "B" },
      "Odia": { "marks": "80", "grade": "B" },
      "Social Science": { "marks": "70", "grade": "C" },
      "roll": "Roll Number : 11SS0697",
      "bldg": "Blood Group : A Positive",
      "dobs": "DOB : 17th May 2004",
      "email": "Email ID : abinash@yahoo.co.in",
      "phns": "Contact Number : +91-9849839120",
      "adss": "Address Details : Oldtown, Bhubaneswar, Pin-751023, Odisha",
      "fname": "Father's Name : Girish Nanda",
      "femail": "Email ID : girish@gmail.com",
      "mname": "Mother's Name : Sandhya Rani Nanda",
      "memail": "Email ID : sandhya@gmail.com",
      "phnp": "Contact Number : +91-8328233784",
      "adsp": "Address Details : Oldtown, Bhubaneswar, Pin-751023, Odisha"
    },
    {
      "id": "3",
      "username": "Sharmistha Mishra",
      "password": "sha123",
      "Mathematics": { "marks": "40", "grade": "E" },
      "English": { "marks": "95", "grade": "A" },
      "Science": { "marks": "45", "grade": "E" },
      "Hindi": { "marks": "92", "grade": "A" },
      "Computer": { "marks": "80", "grade": "B" },
      "Odia": { "marks": "60", "grade": "D" },
      "Social Science": { "marks": "38", "grade": "F" },
      "roll": "Roll Number : 11SS0801",
      "bldg": "Blood Group : B Positive",
      "dobs": "DOB : 01st April 2005",
      "email": "Email ID : sharmistha@rediffmail.com",
      "phns": "Contact Number : +91-9833689457",
      "adss": "Address Details : Patia, Bhubaneswar, Pin-751089, Odisha",
      "fname": "Father's Name : Suresh Mishra",
      "femail": "Email ID : suresh@gmail.com",
      "mname": "Mother's Name : Namita Mishra",
      "memail": "Email ID : namita@gmail.com",
      "phnp": "Contact Number : +91-6353683229",
      "adsp": "Address Details : Patia, Bhubaneswar, Pin-751089, Odisha"
    }
  ]
}
